decubitus ulcer,pain chest,3363
decubitus ulcer,shortness of breath,3363
decubitus ulcer,dizziness,3363
decubitus ulcer,asthenia,3363
decubitus ulcer,fall,3363
decubitus ulcer,syncope,3363
decubitus ulcer,vertigo,3363
decubitus ulcer,sweat,3363
decubitus ulcer,sweating increased,3363
decubitus ulcer,palpitation,3363
decubitus ulcer,nausea,3363
decubitus ulcer,angina pectoris,3363
decubitus ulcer,pressure chest,3363
decubitus ulcer,polyuria,1421
decubitus ulcer,polydypsia,1421
decubitus ulcer,shortness of breath,1421
decubitus ulcer,pain chest,1421
decubitus ulcer,asthenia,1421
decubitus ulcer,nausea,1421
decubitus ulcer,orthopnea,1421
decubitus ulcer,rale,1421
decubitus ulcer,sweat,1421
decubitus ulcer,sweating increased,1421
decubitus ulcer,unresponsiveness,1421
decubitus ulcer,mental status changes,1421
decubitus ulcer,vertigo,1421
decubitus ulcer,vomiting,1421
decubitus ulcer,labored breathing,1421
decubitus ulcer,feeling suicidal,1337
decubitus ulcer,suicidal,1337
decubitus ulcer,hallucinations auditory,1337
decubitus ulcer,feeling hopeless,1337
decubitus ulcer,weepiness,1337
decubitus ulcer,sleeplessness,1337
decubitus ulcer,motor retardation,1337
decubitus ulcer,irritable mood,1337
decubitus ulcer,blackout,1337
decubitus ulcer,mood depressed,1337
decubitus ulcer,hallucinations visual,1337
decubitus ulcer,worry,1337
decubitus ulcer,agitation,1337
decubitus ulcer,tremor,1337
decubitus ulcer,intoxication,1337
decubitus ulcer,verbal auditory hallucinations,1337
decubitus ulcer,energy increased,1337
decubitus ulcer,difficulty,1337
decubitus ulcer,nightmare,1337
decubitus ulcer,unable to concentrate,1337
decubitus ulcer,homelessness,1337
decubitus ulcer,feeling suicidal,1337
decubitus ulcer,suicidal,1337
decubitus ulcer,hallucinations auditory,1337
decubitus ulcer,feeling hopeless,1337
decubitus ulcer,weepiness,1337
decubitus ulcer,sleeplessness,1337
decubitus ulcer,motor retardation,1337
decubitus ulcer,irritable mood,1337
decubitus ulcer,blackout,1337
decubitus ulcer,mood depressed,1337
decubitus ulcer,hallucinations visual,1337
decubitus ulcer,worry,1337
decubitus ulcer,agitation,1337
decubitus ulcer,tremor,1337
decubitus ulcer,intoxication,1337
decubitus ulcer,verbal auditory hallucinations,1337
decubitus ulcer,energy increased,1337
decubitus ulcer,difficulty,1337
decubitus ulcer,nightmare,1337
decubitus ulcer,unable to concentrate,1337
decubitus ulcer,homelessness,1337
decubitus ulcer,pain chest,1284
decubitus ulcer,angina pectoris,1284
decubitus ulcer,shortness of breath,1284
decubitus ulcer,hypokinesia,1284
decubitus ulcer,sweat,1284
decubitus ulcer,sweating increased,1284
decubitus ulcer,pressure chest,1284
decubitus ulcer,dyspnea on exertion,1284
decubitus ulcer,orthopnea,1284
decubitus ulcer,chest tightness,1284
decubitus ulcer,pain chest,1284
decubitus ulcer,angina pectoris,1284
decubitus ulcer,shortness of breath,1284
decubitus ulcer,hypokinesia,1284
decubitus ulcer,sweat,1284
decubitus ulcer,sweating increased,1284
decubitus ulcer,pressure chest,1284
decubitus ulcer,dyspnea on exertion,1284
decubitus ulcer,orthopnea,1284
decubitus ulcer,chest tightness,1284
decubitus ulcer,cough,1029
decubitus ulcer,fever,1029
decubitus ulcer,decreased translucency,1029
decubitus ulcer,shortness of breath,1029
decubitus ulcer,rale,1029
decubitus ulcer,productive cough,1029
decubitus ulcer,pleuritic pain,1029
decubitus ulcer,yellow sputum,1029
decubitus ulcer,breath sounds decreased,1029
decubitus ulcer,chill,1029
decubitus ulcer,rhonchus,1029
decubitus ulcer,green sputum,1029
decubitus ulcer,non-productive cough,1029
decubitus ulcer,wheezing,1029
decubitus ulcer,haemoptysis,1029
decubitus ulcer,distress respiratory,1029
decubitus ulcer,tachypnea,1029
decubitus ulcer,malaise,1029
decubitus ulcer,night sweat,1029
decubitus ulcer,shortness of breath,963
decubitus ulcer,orthopnea,963
decubitus ulcer,jugular venous distention,963
decubitus ulcer,rale,963
decubitus ulcer,dyspnea,963
decubitus ulcer,cough,963
decubitus ulcer,wheezing,963
decubitus ulcer,dysarthria,885
decubitus ulcer,asthenia,885
decubitus ulcer,speech slurred,885
decubitus ulcer,facial paresis,885
decubitus ulcer,hemiplegia,885
decubitus ulcer,unresponsiveness,885
decubitus ulcer,seizure,885
decubitus ulcer,numbness,885
decubitus ulcer,wheezing,835
decubitus ulcer,cough,835
decubitus ulcer,shortness of breath,835
decubitus ulcer,chest tightness,835
decubitus ulcer,non-productive cough,835
decubitus ulcer,pleuritic pain,835
decubitus ulcer,productive cough,835
decubitus ulcer,symptom aggravating factors,835
decubitus ulcer,distress respiratory,835
decubitus ulcer,pain chest,759
decubitus ulcer,st segment elevation,759
decubitus ulcer,sweat,759
decubitus ulcer,sweating increased,759
decubitus ulcer,shortness of breath,759
decubitus ulcer,st segment depression,759
decubitus ulcer,hypokinesia,759
decubitus ulcer,angina pectoris,759
decubitus ulcer,pressure chest,759
decubitus ulcer,t wave inverted,759
decubitus ulcer,orthopnea,759
decubitus ulcer,rale,759
decubitus ulcer,chest tightness,759
decubitus ulcer,presence of q wave,759
decubitus ulcer,palpitation,759
decubitus ulcer,dyspnea,759
decubitus ulcer,chest discomfort,759
decubitus ulcer,bradycardia,759
decubitus ulcer,syncope,759
decubitus ulcer,pain,685
decubitus ulcer,pain chest,685
decubitus ulcer,sweat,685
decubitus ulcer,sweating increased,685
decubitus ulcer,nonsmoker,685
decubitus ulcer,pressure chest,685
decubitus ulcer,syncope,685
decubitus ulcer,numbness,685
decubitus ulcer,chest discomfort,685
decubitus ulcer,shortness of breath,685
decubitus ulcer,st segment depression,685
decubitus ulcer,worry,685
decubitus ulcer,t wave inverted,685
decubitus ulcer,bradycardia,685
decubitus ulcer,dyspnea,685
decubitus ulcer,fever,630
decubitus ulcer,erythema,630
decubitus ulcer,decreased translucency,630
decubitus ulcer,hepatosplenomegaly,630
decubitus ulcer,chill,630
decubitus ulcer,pruritus,630
decubitus ulcer,diarrhea,630
decubitus ulcer,abscess bacterial,630
decubitus ulcer,swelling,630
decubitus ulcer,pain,630
decubitus ulcer,apyrexial,630
decubitus ulcer,cough,630
decubitus ulcer,fever,597
decubitus ulcer,dysuria,597
decubitus ulcer,hematuria,597
decubitus ulcer,renal angle tenderness,597
decubitus ulcer,lethargy,597
decubitus ulcer,asthenia,597
decubitus ulcer,hyponatremia,597
decubitus ulcer,hemodynamically stable,597
decubitus ulcer,distress respiratory,597
decubitus ulcer,difficulty passing urine,597
decubitus ulcer,mental status changes,597
decubitus ulcer,consciousness clear,597
decubitus ulcer,chill,544
decubitus ulcer,guaiac positive,544
decubitus ulcer,monoclonal,544
decubitus ulcer,ecchymosis,544
decubitus ulcer,tumor cell invasion,544
decubitus ulcer,haemorrhage,544
decubitus ulcer,pallor,544
decubitus ulcer,asthenia,544
decubitus ulcer,fatigue,544
decubitus ulcer,heme positive,544
decubitus ulcer,pain back,544
decubitus ulcer,orthostasis,544
decubitus ulcer,hyponatremia,544
decubitus ulcer,dizziness,544
decubitus ulcer,shortness of breath,544
decubitus ulcer,pain,544
decubitus ulcer,rhonchus,544
decubitus ulcer,arthralgia,544
decubitus ulcer,swelling,544
decubitus ulcer,transaminitis,544
decubitus ulcer,shortness of breath,524
decubitus ulcer,wheezing,524
decubitus ulcer,cough,524
decubitus ulcer,dyspnea,524
decubitus ulcer,distress respiratory,524
decubitus ulcer,sputum purulent,524
decubitus ulcer,hypoxemia,524
decubitus ulcer,hypercapnia,524
decubitus ulcer,patient non compliance,524
decubitus ulcer,chest tightness,524
decubitus ulcer,fever,504
decubitus ulcer,fall,504
decubitus ulcer,unresponsiveness,504
decubitus ulcer,lethargy,504
decubitus ulcer,agitation,504
decubitus ulcer,ecchymosis,504
decubitus ulcer,syncope,504
decubitus ulcer,rale,504
decubitus ulcer,unconscious state,504
decubitus ulcer,cough,504
decubitus ulcer,bedridden,504
decubitus ulcer,bedridden,504
decubitus ulcer,pain,504
decubitus ulcer,facial paresis,504
decubitus ulcer,abdominal tenderness,504
decubitus ulcer,rhonchus,504
decubitus ulcer,unsteady gait,504
decubitus ulcer,hallucinations auditory,504
decubitus ulcer,shortness of breath,445
decubitus ulcer,hyperkalemia,445
decubitus ulcer,orthopnea,445
decubitus ulcer,rale,445
decubitus ulcer,urgency of micturition,445
decubitus ulcer,ascites,445
decubitus ulcer,guaiac positive,445
decubitus ulcer,asthenia,445
decubitus ulcer,apyrexial,445
decubitus ulcer,mental status changes,445
decubitus ulcer,dyspnea,445
decubitus ulcer,difficulty,445
decubitus ulcer,diarrhea,445
decubitus ulcer,hypotension,445
decubitus ulcer,breath sounds decreased,445
decubitus ulcer,swelling,445
decubitus ulcer,hypokinesia,445
decubitus ulcer,seizure,408
decubitus ulcer,enuresis,408
decubitus ulcer,lethargy,408
decubitus ulcer,speech slurred,408
decubitus ulcer,fall,408
decubitus ulcer,consciousness clear,408
decubitus ulcer,mental status changes,408
decubitus ulcer,asterixis,408
decubitus ulcer,unconscious state,408
decubitus ulcer,agitation,408
decubitus ulcer,muscle twitch,408
decubitus ulcer,asthenia,408
decubitus ulcer,sleepy,408
decubitus ulcer,dizziness,408
decubitus ulcer,headache,408
decubitus ulcer,dysarthria,408
decubitus ulcer,lightheadedness,408
decubitus ulcer,tremor,408
decubitus ulcer,hyponatremia,408
decubitus ulcer,unresponsiveness,408
decubitus ulcer,pain,405
decubitus ulcer,food intolerance,405
decubitus ulcer,numbness of hand,405
decubitus ulcer,general discomfort,405
decubitus ulcer,drowsiness,405
decubitus ulcer,asthenia,405
decubitus ulcer,nonsmoker,405
decubitus ulcer,non-productive cough,405
decubitus ulcer,polydypsia,405
decubitus ulcer,stiffness,405
decubitus ulcer,unsteady gait,405
decubitus ulcer,shortness of breath,398
decubitus ulcer,prostatism,398
decubitus ulcer,drowsiness,398
decubitus ulcer,sleepy,398
decubitus ulcer,hyponatremia,398
decubitus ulcer,fall,398
decubitus ulcer,unsteady gait,398
decubitus ulcer,polyuria,398
decubitus ulcer,hypotension,398
decubitus ulcer,difficulty,398
decubitus ulcer,syncope,398
decubitus ulcer,nightmare,398
decubitus ulcer,speech slurred,398
decubitus ulcer,weight gain,398
decubitus ulcer,asthenia,398
decubitus ulcer,fatigue,398
decubitus ulcer,tired,398
decubitus ulcer,agitation,398
decubitus ulcer,mental status changes,398
decubitus ulcer,motor retardation,398
decubitus ulcer,vomiting,398
decubitus ulcer,numbness,398
decubitus ulcer,mass of body structure,398
decubitus ulcer,worry,390
decubitus ulcer,feeling suicidal,390
decubitus ulcer,suicidal,390
decubitus ulcer,sleeplessness,390
decubitus ulcer,feeling hopeless,390
decubitus ulcer,irritable mood,390
decubitus ulcer,tremor,390
decubitus ulcer,blackout,390
decubitus ulcer,weepiness,390
decubitus ulcer,has religious belief,390
decubitus ulcer,nervousness,390
decubitus ulcer,hallucinations visual,390
decubitus ulcer,formication,390
decubitus ulcer,difficulty,390
decubitus ulcer,pain chest,390
decubitus ulcer,patient non compliance,390
decubitus ulcer,agitation,390
decubitus ulcer,palpitation,390
decubitus ulcer,hallucinations auditory,390
decubitus ulcer,mood depressed,390
decubitus ulcer,hot flush,390
decubitus ulcer,pain,390
decubitus ulcer,consciousness clear,390
decubitus ulcer,nightmare,390
decubitus ulcer,pain,354
decubitus ulcer,mass of body structure,354
decubitus ulcer,lesion,354
decubitus ulcer,cushingoid facies,354
decubitus ulcer,cushingoid habitus,354
decubitus ulcer,emphysematous change,354
decubitus ulcer,decreased body weight,354
decubitus ulcer,ascites,354
decubitus ulcer,hoarseness,354
decubitus ulcer,thicken,354
decubitus ulcer,hematuria,354
decubitus ulcer,pain,354
decubitus ulcer,mass of body structure,354
decubitus ulcer,lesion,354
decubitus ulcer,cushingoid facies,354
decubitus ulcer,cushingoid habitus,354
decubitus ulcer,emphysematous change,354
decubitus ulcer,decreased body weight,354
decubitus ulcer,ascites,354
decubitus ulcer,hoarseness,354
decubitus ulcer,thicken,354
decubitus ulcer,hematuria,354
decubitus ulcer,fever,350
decubitus ulcer,night sweat,350
decubitus ulcer,spontaneous rupture of membranes,350
decubitus ulcer,cough,350
decubitus ulcer,,350
decubitus ulcer,decreased body weight,350
decubitus ulcer,chill,350
decubitus ulcer,diarrhea,350
decubitus ulcer,pleuritic pain,350
decubitus ulcer,patient non compliance,350
decubitus ulcer,tachypnea,350
decubitus ulcer,productive cough,350
decubitus ulcer,muscle hypotonia,350
decubitus ulcer,hypotonic,350
decubitus ulcer,feeling suicidal,350
decubitus ulcer,fever,350
decubitus ulcer,night sweat,350
decubitus ulcer,spontaneous rupture of membranes,350
decubitus ulcer,cough,350
decubitus ulcer,,350
decubitus ulcer,decreased body weight,350
decubitus ulcer,chill,350
decubitus ulcer,diarrhea,350
decubitus ulcer,pleuritic pain,350
decubitus ulcer,patient non compliance,350
decubitus ulcer,tachypnea,350
decubitus ulcer,productive cough,350
decubitus ulcer,muscle hypotonia,350
decubitus ulcer,hypotonic,350
decubitus ulcer,feeling suicidal,350
decubitus ulcer,fever,350
decubitus ulcer,night sweat,350
decubitus ulcer,spontaneous rupture of membranes,350
decubitus ulcer,cough,350
decubitus ulcer,,350
decubitus ulcer,decreased body weight,350
decubitus ulcer,chill,350
decubitus ulcer,diarrhea,350
decubitus ulcer,pleuritic pain,350
decubitus ulcer,patient non compliance,350
decubitus ulcer,tachypnea,350
decubitus ulcer,productive cough,350
decubitus ulcer,muscle hypotonia,350
decubitus ulcer,hypotonic,350
decubitus ulcer,feeling suicidal,350
decubitus ulcer,erythema,341
decubitus ulcer,pain,341
decubitus ulcer,swelling,341
decubitus ulcer,redness,341
decubitus ulcer,fever,341
decubitus ulcer,abscess bacterial,341
decubitus ulcer,patient non compliance,341
decubitus ulcer,hypesthesia,341
decubitus ulcer,hyperacusis,341
decubitus ulcer,pruritus,341
decubitus ulcer,pain chest,341
decubitus ulcer,scratch marks,341
decubitus ulcer,chill,341
decubitus ulcer,sore to touch,341
decubitus ulcer,pain,325
decubitus ulcer,pain chest,325
decubitus ulcer,burning sensation,325
decubitus ulcer,hyponatremia,325
decubitus ulcer,satiety early,325
decubitus ulcer,throbbing sensation quality,325
decubitus ulcer,chest tightness,325
decubitus ulcer,sensory discomfort,325
decubitus ulcer,presence of q wave,325
decubitus ulcer,nausea,325
decubitus ulcer,general discomfort,325
decubitus ulcer,constipation,325
decubitus ulcer,palpitation,325
decubitus ulcer,pain abdominal,325
decubitus ulcer,heartburn,325
decubitus ulcer,sweat,325
decubitus ulcer,sweating increased,325
decubitus ulcer,asthenia,325
decubitus ulcer,fever,311
decubitus ulcer,distress respiratory,311
decubitus ulcer,hypotension,311
decubitus ulcer,tachypnea,311
decubitus ulcer,chill,311
decubitus ulcer,lethargy,311
decubitus ulcer,bradycardia,311
decubitus ulcer,breech presentation,311
decubitus ulcer,cyanosis,311
decubitus ulcer,spontaneous rupture of membranes,311
decubitus ulcer,haemorrhage,311
decubitus ulcer,unresponsiveness,311
decubitus ulcer,rale,311
decubitus ulcer,apyrexial,311
decubitus ulcer,fever,311
decubitus ulcer,distress respiratory,311
decubitus ulcer,hypotension,311
decubitus ulcer,tachypnea,311
decubitus ulcer,chill,311
decubitus ulcer,lethargy,311
decubitus ulcer,bradycardia,311
decubitus ulcer,breech presentation,311
decubitus ulcer,cyanosis,311
decubitus ulcer,spontaneous rupture of membranes,311
decubitus ulcer,haemorrhage,311
decubitus ulcer,unresponsiveness,311
decubitus ulcer,rale,311
decubitus ulcer,apyrexial,311
decubitus ulcer,fever,311
decubitus ulcer,distress respiratory,311
decubitus ulcer,hypotension,311
decubitus ulcer,tachypnea,311
decubitus ulcer,chill,311
decubitus ulcer,lethargy,311
decubitus ulcer,bradycardia,311
decubitus ulcer,breech presentation,311
decubitus ulcer,cyanosis,311
decubitus ulcer,spontaneous rupture of membranes,311
decubitus ulcer,haemorrhage,311
decubitus ulcer,unresponsiveness,311
decubitus ulcer,rale,311
decubitus ulcer,apyrexial,311
decubitus ulcer,swelling,310
decubitus ulcer,pain,310
decubitus ulcer,ecchymosis,310
decubitus ulcer,shortness of breath,310
decubitus ulcer,pain in lower limb,310
decubitus ulcer,cardiomegaly,310
decubitus ulcer,rale,310
decubitus ulcer,erythema,310
decubitus ulcer,hypotension,310
decubitus ulcer,clonus,310
decubitus ulcer,non-productive cough,310
decubitus ulcer,redness,310
decubitus ulcer,fever,297
decubitus ulcer,diarrhea,297
decubitus ulcer,vomiting,297
decubitus ulcer,hypotension,297
decubitus ulcer,nausea,297
decubitus ulcer,lightheadedness,297
decubitus ulcer,unwell,297
decubitus ulcer,mental status changes,297
decubitus ulcer,anorexia,297
decubitus ulcer,asthenia,297
decubitus ulcer,sensory discomfort,297
decubitus ulcer,syncope,297
decubitus ulcer,lethargy,297
decubitus ulcer,dizziness,297
decubitus ulcer,syncope,297
decubitus ulcer,blackout,297
decubitus ulcer,history of - blackout,297
decubitus ulcer,mass of body structure,297
decubitus ulcer,lesion,297
decubitus ulcer,pain chest,297
decubitus ulcer,hematuria,297
decubitus ulcer,tumor cell invasion,297
decubitus ulcer,pain,297
decubitus ulcer,anosmia,297
decubitus ulcer,thicken,297
decubitus ulcer,metastatic lesion,297
decubitus ulcer,food intolerance,297
decubitus ulcer,decreased body weight,297
decubitus ulcer,night sweat,297
decubitus ulcer,hemianopsia homonymous,297
decubitus ulcer,satiety early,297
decubitus ulcer,pain abdominal,297
decubitus ulcer,headache,297
decubitus ulcer,shortness of breath,294
decubitus ulcer,hypoxemia,294
decubitus ulcer,tachypnea,294
decubitus ulcer,hematocrit decreased,294
decubitus ulcer,pain chest,294
decubitus ulcer,dyspnea,294
decubitus ulcer,pleuritic pain,294
decubitus ulcer,neck stiffness,294
decubitus ulcer,yellow sputum,294
decubitus ulcer,productive cough,294
decubitus ulcer,cicatrisation,294
decubitus ulcer,unresponsiveness,294
decubitus ulcer,distress respiratory,294
decubitus ulcer,wheezing,294
decubitus ulcer,apyrexial,294
decubitus ulcer,non-productive cough,294
decubitus ulcer,seizure,290
decubitus ulcer,hypometabolism,290
decubitus ulcer,aura,290
decubitus ulcer,muscle twitch,290
decubitus ulcer,drowsiness,290
decubitus ulcer,tremor,290
decubitus ulcer,unresponsiveness,290
decubitus ulcer,hemiplegia,290
decubitus ulcer,myoclonus,290
decubitus ulcer,gurgle,290
decubitus ulcer,sleepy,290
decubitus ulcer,lethargy,290
decubitus ulcer,wheelchair bound,290
decubitus ulcer,shortness of breath,283
decubitus ulcer,orthopnea,283
decubitus ulcer,hypokinesia,283
decubitus ulcer,jugular venous distention,283
decubitus ulcer,palpitation,283
decubitus ulcer,pain chest,283
decubitus ulcer,syncope,283
decubitus ulcer,yellow sputum,283
decubitus ulcer,rale,283
decubitus ulcer,dyspnea,283
decubitus ulcer,dyspnea on exertion,283
decubitus ulcer,left atrial hypertrophy,283
decubitus ulcer,fatigue,283
decubitus ulcer,weight gain,283
decubitus ulcer,patient non compliance,283
decubitus ulcer,vomiting,280
decubitus ulcer,orthopnea,280
decubitus ulcer,hyperkalemia,280
decubitus ulcer,oliguria,280
decubitus ulcer,jugular venous distention,280
decubitus ulcer,nausea,280
decubitus ulcer,shortness of breath,280
decubitus ulcer,mental status changes,280
decubitus ulcer,diarrhea,280
decubitus ulcer,asthenia,280
decubitus ulcer,chest tightness,280
decubitus ulcer,malaise,280
decubitus ulcer,chill,280
decubitus ulcer,rale,280
decubitus ulcer,fever,280
decubitus ulcer,pleuritic pain,280
decubitus ulcer,apyrexial,280
decubitus ulcer,guaiac positive,280
decubitus ulcer,swelling,280
decubitus ulcer,catatonia,280
decubitus ulcer,unresponsiveness,280
decubitus ulcer,yellow sputum,280
decubitus ulcer,mass of body structure,269
decubitus ulcer,pain,269
decubitus ulcer,lesion,269
decubitus ulcer,tumor cell invasion,269
decubitus ulcer,thicken,269
decubitus ulcer,decreased body weight,269
decubitus ulcer,hoarseness,269
decubitus ulcer,general discomfort,269
decubitus ulcer,metastatic lesion,269
decubitus ulcer,non-productive cough,269
decubitus ulcer,constipation,269
decubitus ulcer,unhappy,269
decubitus ulcer,paresthesia,269
decubitus ulcer,gravida 0,269
decubitus ulcer,diarrhea,269
decubitus ulcer,sore to touch,269
decubitus ulcer,heartburn,269
decubitus ulcer,nausea,269
decubitus ulcer,lung nodule,269
decubitus ulcer,ascites,269
decubitus ulcer,distended abdomen,269
decubitus ulcer,feeling suicidal,269
decubitus ulcer,cough,269
decubitus ulcer,ache,269
decubitus ulcer,macerated skin,269
decubitus ulcer,heavy feeling,269
decubitus ulcer,hallucinations auditory,269
decubitus ulcer,chill,269
decubitus ulcer,asterixis,269
decubitus ulcer,patient non compliance,269
decubitus ulcer,shortness of breath,268
decubitus ulcer,rest pain,268
decubitus ulcer,angina pectoris,268
decubitus ulcer,unresponsiveness,268
decubitus ulcer,hyperkalemia,268
decubitus ulcer,sinus rhythm,268
decubitus ulcer,labored breathing,268
decubitus ulcer,dyspnea,268
decubitus ulcer,sore to touch,268
decubitus ulcer,anorexia,268
decubitus ulcer,sleepy,268
decubitus ulcer,suicidal,267
decubitus ulcer,hallucinations auditory,267
decubitus ulcer,feeling suicidal,267
decubitus ulcer,hallucinations visual,267
decubitus ulcer,motor retardation,267
decubitus ulcer,blackout,267
decubitus ulcer,verbal auditory hallucinations,267
decubitus ulcer,feeling hopeless,267
decubitus ulcer,irritable mood,267
decubitus ulcer,agitation,267
decubitus ulcer,tremor,267
decubitus ulcer,catatonia,267
decubitus ulcer,weepiness,267
decubitus ulcer,homelessness,267
decubitus ulcer,sleeplessness,267
decubitus ulcer,withdraw,267
decubitus ulcer,energy increased,267
decubitus ulcer,intoxication,267
decubitus ulcer,worry,267
decubitus ulcer,behavior hyperactive,267
decubitus ulcer,patient non compliance,267
decubitus ulcer,mood depressed,267
decubitus ulcer,terrify,267
decubitus ulcer,nightmare,267
decubitus ulcer,consciousness clear,267
decubitus ulcer,pain chest,247
decubitus ulcer,angina pectoris,247
decubitus ulcer,palpitation,247
decubitus ulcer,presence of q wave,247
decubitus ulcer,photopsia,247
decubitus ulcer,sweat,247
decubitus ulcer,sweating increased,247
decubitus ulcer,chest discomfort,247
decubitus ulcer,shortness of breath,247
decubitus ulcer,giddy mood,247
decubitus ulcer,hypokinesia,247
decubitus ulcer,hemiplegia,247
decubitus ulcer,dizziness,247
decubitus ulcer,feeling suicidal,241
decubitus ulcer,energy increased,241
decubitus ulcer,suicidal,241
decubitus ulcer,irritable mood,241
decubitus ulcer,agitation,241
decubitus ulcer,has religious belief,241
decubitus ulcer,disturbed family,241
decubitus ulcer,hallucinations auditory,241
decubitus ulcer,verbal auditory hallucinations,241
decubitus ulcer,weepiness,241
decubitus ulcer,behavior hyperactive,241
decubitus ulcer,catatonia,241
decubitus ulcer,feeling hopeless,241
decubitus ulcer,worry,241
decubitus ulcer,sleeplessness,241
decubitus ulcer,hypersomnia,241
decubitus ulcer,difficulty,241
decubitus ulcer,hallucinations visual,241
decubitus ulcer,hyperhidrosis disorder,241
decubitus ulcer,mydriasis,241
decubitus ulcer,extrapyramidal sign,241
decubitus ulcer,loose associations,241
decubitus ulcer,intoxication,241
decubitus ulcer,motor retardation,241
decubitus ulcer,homelessness,241
decubitus ulcer,blackout,241
decubitus ulcer,tremor,241
decubitus ulcer,exhaustion,241
decubitus ulcer,pain,228
decubitus ulcer,catatonia,228
decubitus ulcer,snore,228
decubitus ulcer,pain chest,228
decubitus ulcer,r wave feature,228
decubitus ulcer,has religious belief,228
decubitus ulcer,shortness of breath,228
decubitus ulcer,fatigue,228
decubitus ulcer,tired,228
decubitus ulcer,overweight,228
decubitus ulcer,systolic murmur,228
decubitus ulcer,mood depressed,228
decubitus ulcer,ecchymosis,228
decubitus ulcer,drowsiness,226
decubitus ulcer,sleepy,226
decubitus ulcer,pain chest,226
decubitus ulcer,angina pectoris,226
decubitus ulcer,pressure chest,226
decubitus ulcer,chest discomfort,226
decubitus ulcer,shortness of breath,226
decubitus ulcer,dyspnea,226
decubitus ulcer,sinus rhythm,226
decubitus ulcer,bradycardia,226
decubitus ulcer,sweat,226
decubitus ulcer,sweating increased,226
decubitus ulcer,rale,226
decubitus ulcer,asymptomatic,226
decubitus ulcer,anorexia,226
decubitus ulcer,ascites,218
decubitus ulcer,fall,218
decubitus ulcer,splenomegaly,218
decubitus ulcer,pruritus,218
decubitus ulcer,pain abdominal,218
decubitus ulcer,tumor cell invasion,218
decubitus ulcer,distended abdomen,218
decubitus ulcer,lesion,218
decubitus ulcer,hemodynamically stable,218
decubitus ulcer,guaiac positive,218
decubitus ulcer,sore to touch,218
decubitus ulcer,bleeding of vagina,218
decubitus ulcer,fever,208
decubitus ulcer,pruritus,208
decubitus ulcer,macule,208
decubitus ulcer,lesion,208
decubitus ulcer,redness,208
decubitus ulcer,headache,208
decubitus ulcer,apyrexial,208
decubitus ulcer,arthralgia,208
decubitus ulcer,swelling,208
decubitus ulcer,erythema,208
decubitus ulcer,photophobia,208
decubitus ulcer,chill,208
decubitus ulcer,scratch marks,208
decubitus ulcer,pain,208
decubitus ulcer,painful swallowing,208
decubitus ulcer,mental status changes,192
decubitus ulcer,cachexia,192
decubitus ulcer,blackout,192
decubitus ulcer,orthostasis,192
decubitus ulcer,orthopnea,192
decubitus ulcer,night sweat,192
decubitus ulcer,distress respiratory,192
decubitus ulcer,anorexia,192
decubitus ulcer,dysarthria,192
decubitus ulcer,hyperkalemia,186
decubitus ulcer,hypotension,186
decubitus ulcer,hypocalcemia result,186
decubitus ulcer,oliguria,186
decubitus ulcer,hemodynamically stable,186
decubitus ulcer,asthenia,186
decubitus ulcer,"hypothermia, natural",186
decubitus ulcer,diarrhea,186
decubitus ulcer,haemorrhage,186
decubitus ulcer,unresponsiveness,186
decubitus ulcer,shortness of breath,186
decubitus ulcer,dyspnea on exertion,186
decubitus ulcer,asymptomatic,186
decubitus ulcer,hypokinesia,186
decubitus ulcer,dyspnea,186
decubitus ulcer,syncope,186
decubitus ulcer,thicken,186
decubitus ulcer,left atrial hypertrophy,186
decubitus ulcer,palpitation,186
decubitus ulcer,fatigue,186
decubitus ulcer,vomiting,186
decubitus ulcer,pain,186
decubitus ulcer,cardiomegaly,186
decubitus ulcer,chest discomfort,186
decubitus ulcer,pain,179
decubitus ulcer,hemodynamically stable,179
decubitus ulcer,sleeplessness,179
decubitus ulcer,asthenia,179
decubitus ulcer,syncope,179
decubitus ulcer,swelling,179
decubitus ulcer,atypia,179
decubitus ulcer,general unsteadiness,179
decubitus ulcer,shortness of breath,179
decubitus ulcer,distended abdomen,179
decubitus ulcer,cough,172
decubitus ulcer,wheezing,172
decubitus ulcer,shortness of breath,172
decubitus ulcer,chest tightness,172
decubitus ulcer,fever,172
decubitus ulcer,throat sore,172
decubitus ulcer,productive cough,172
decubitus ulcer,hepatosplenomegaly,172
decubitus ulcer,night sweat,172
decubitus ulcer,haemoptysis,172
decubitus ulcer,labored breathing,172
decubitus ulcer,snuffle,172
decubitus ulcer,hacking cough,172
decubitus ulcer,dyspnea,172
decubitus ulcer,chill,172
decubitus ulcer,stridor,172
decubitus ulcer,decreased body weight,172
decubitus ulcer,dysarthria,171
decubitus ulcer,paresis,171
decubitus ulcer,asthenia,171
decubitus ulcer,aphagia,171
decubitus ulcer,seizure,171
decubitus ulcer,speech slurred,171
decubitus ulcer,focal seizures,171
decubitus ulcer,hemiplegia,171
decubitus ulcer,abnormal sensation,171
decubitus ulcer,unresponsiveness,171
decubitus ulcer,stupor,171
decubitus ulcer,drowsiness,171
decubitus ulcer,sleepy,171
decubitus ulcer,fremitus,171
decubitus ulcer,Stahli's line,171
decubitus ulcer,stinging sensation,171
decubitus ulcer,paralyse,171
decubitus ulcer,clonus,171
decubitus ulcer,facial paresis,171
decubitus ulcer,prostatism,169
decubitus ulcer,fall,169
decubitus ulcer,hirsutism,169
decubitus ulcer,sniffle,169
decubitus ulcer,distended abdomen,169
decubitus ulcer,vertigo,169
decubitus ulcer,numbness of hand,169
decubitus ulcer,bradykinesia,169
decubitus ulcer,pain,169
decubitus ulcer,syncope,169
decubitus ulcer,out of breath,169
decubitus ulcer,apyrexial,169
decubitus ulcer,urge incontinence,169
decubitus ulcer,lightheadedness,169
decubitus ulcer,speech slurred,168
decubitus ulcer,dysarthria,168
decubitus ulcer,facial paresis,168
decubitus ulcer,asthenia,168
decubitus ulcer,neck stiffness,168
decubitus ulcer,vertigo,168
decubitus ulcer,numbness,168
decubitus ulcer,lightheadedness,168
decubitus ulcer,extrapyramidal sign,168
decubitus ulcer,Stahli's line,168
decubitus ulcer,vision blurred,168
decubitus ulcer,headache,168
decubitus ulcer,room spinning,168
decubitus ulcer,syncope,168
decubitus ulcer,difficulty,168
decubitus ulcer,rambling speech,168
decubitus ulcer,clumsiness,168
decubitus ulcer,mass of body structure,166
decubitus ulcer,lesion,166
decubitus ulcer,decreased body weight,166
decubitus ulcer,constipation,166
decubitus ulcer,fremitus,166
decubitus ulcer,decreased stool caliber,166
decubitus ulcer,satiety early,166
decubitus ulcer,hematochezia,166
decubitus ulcer,egophony,166
decubitus ulcer,pain,166
decubitus ulcer,cicatrisation,166
decubitus ulcer,scar tissue,166
decubitus ulcer,pain abdominal,166
decubitus ulcer,hallucinations auditory,165
decubitus ulcer,hallucinations visual,165
decubitus ulcer,agitation,165
decubitus ulcer,irritable mood,165
decubitus ulcer,verbal auditory hallucinations,165
decubitus ulcer,feeling suicidal,165
decubitus ulcer,suicidal,165
decubitus ulcer,terrify,165
decubitus ulcer,neologism,165
decubitus ulcer,homelessness,165
decubitus ulcer,energy increased,165
decubitus ulcer,mood depressed,165
decubitus ulcer,decompensation,165
decubitus ulcer,cicatrisation,165
decubitus ulcer,scar tissue,165
decubitus ulcer,blackout,165
decubitus ulcer,loose associations,165
decubitus ulcer,vomiting,165
decubitus ulcer,pain abdominal,165
decubitus ulcer,nausea,165
decubitus ulcer,pain,165
decubitus ulcer,diarrhea,165
decubitus ulcer,stool color yellow,165
decubitus ulcer,rigor - temperature-associated observation,165
decubitus ulcer,apyrexial,165
decubitus ulcer,sore to touch,165
decubitus ulcer,paraparesis,165
decubitus ulcer,seizure,165
decubitus ulcer,asthenia,165
decubitus ulcer,urge incontinence,165
decubitus ulcer,unconscious state,165
decubitus ulcer,aura,165
decubitus ulcer,moody,165
decubitus ulcer,fear of falling,165
decubitus ulcer,tremor,165
decubitus ulcer,spasm,165
decubitus ulcer,unhappy,165
decubitus ulcer,syncope,165
decubitus ulcer,fall,165
decubitus ulcer,stiffness,165
decubitus ulcer,unresponsiveness,165
decubitus ulcer,orthopnea,165
decubitus ulcer,shortness of breath,165
decubitus ulcer,dyspnea on exertion,165
decubitus ulcer,jugular venous distention,165
decubitus ulcer,rale,165
decubitus ulcer,pain chest,165
decubitus ulcer,palpitation,165
decubitus ulcer,sweat,165
decubitus ulcer,sweating increased,165
decubitus ulcer,weight gain,165
decubitus ulcer,cough,165
decubitus ulcer,dyspnea,165
decubitus ulcer,pain abdominal,164
decubitus ulcer,pain,164
decubitus ulcer,hyperventilation,164
decubitus ulcer,excruciating pain,164
decubitus ulcer,gag,164
decubitus ulcer,nausea,164
decubitus ulcer,posturing,164
decubitus ulcer,hemiplegia,164
decubitus ulcer,sore to touch,164
decubitus ulcer,haemorrhage,164
decubitus ulcer,apyrexial,164
decubitus ulcer,food intolerance,164
decubitus ulcer,pulse absent,164
decubitus ulcer,asthenia,164
decubitus ulcer,mass of body structure,164
decubitus ulcer,thicken,164
decubitus ulcer,hematuria,163
decubitus ulcer,dysesthesia,163
decubitus ulcer,asthenia,163
decubitus ulcer,polymyalgia,163
decubitus ulcer,passed stones,163
decubitus ulcer,pleuritic pain,163
decubitus ulcer,guaiac positive,163
decubitus ulcer,rale,163
decubitus ulcer,breath sounds decreased,163
decubitus ulcer,urge incontinence,163
decubitus ulcer,dysuria,163
decubitus ulcer,diarrhea,163
decubitus ulcer,vertigo,163
decubitus ulcer,qt interval prolonged,163
decubitus ulcer,ataxia,163
decubitus ulcer,paresis,163
decubitus ulcer,hemianopsia homonymous,163
decubitus ulcer,tumor cell invasion,163
decubitus ulcer,hemodynamically stable,163
decubitus ulcer,mass of body structure,163
decubitus ulcer,rhonchus,163
decubitus ulcer,orthostasis,163
decubitus ulcer,decreased body weight,163
decubitus ulcer,hematuria,163
decubitus ulcer,dysesthesia,163
decubitus ulcer,asthenia,163
decubitus ulcer,polymyalgia,163
decubitus ulcer,passed stones,163
decubitus ulcer,pleuritic pain,163
decubitus ulcer,guaiac positive,163
decubitus ulcer,rale,163
decubitus ulcer,breath sounds decreased,163
decubitus ulcer,urge incontinence,163
decubitus ulcer,dysuria,163
decubitus ulcer,diarrhea,163
decubitus ulcer,vertigo,163
decubitus ulcer,qt interval prolonged,163
decubitus ulcer,ataxia,163
decubitus ulcer,paresis,163
decubitus ulcer,hemianopsia homonymous,163
decubitus ulcer,tumor cell invasion,163
decubitus ulcer,hemodynamically stable,163
decubitus ulcer,mass of body structure,163
decubitus ulcer,rhonchus,163
decubitus ulcer,orthostasis,163
decubitus ulcer,decreased body weight,163
decubitus ulcer,urgency of micturition,161
decubitus ulcer,shortness of breath,161
decubitus ulcer,rale,161
decubitus ulcer,tachypnea,161
decubitus ulcer,orthopnea,161
decubitus ulcer,Heberden's node,161
decubitus ulcer,jugular venous distention,161
decubitus ulcer,dyspnea,161
decubitus ulcer,sweat,161
decubitus ulcer,sweating increased,161
decubitus ulcer,patient non compliance,161
decubitus ulcer,chest discomfort,161
decubitus ulcer,hyperkalemia,161
decubitus ulcer,sinus rhythm,161
decubitus ulcer,pain chest,161
decubitus ulcer,hypotension,161
decubitus ulcer,wheezing,161
decubitus ulcer,pain,160
decubitus ulcer,mass of body structure,160
decubitus ulcer,night sweat,160
decubitus ulcer,splenomegaly,160
decubitus ulcer,lesion,160
decubitus ulcer,chill,160
decubitus ulcer,decreased body weight,160
decubitus ulcer,swelling,160
decubitus ulcer,fever,160
decubitus ulcer,hyperacusis,160
decubitus ulcer,fremitus,160
decubitus ulcer,non-productive cough,160
decubitus ulcer,egophony,160
decubitus ulcer,redness,160
decubitus ulcer,hepatomegaly,160
decubitus ulcer,fatigue,160
decubitus ulcer,dyspnea on exertion,158
decubitus ulcer,syncope,158
decubitus ulcer,chest discomfort,158
decubitus ulcer,systolic murmur,158
decubitus ulcer,sciatica,158
decubitus ulcer,angina pectoris,158
decubitus ulcer,pain chest,158
decubitus ulcer,frothy sputum,158
decubitus ulcer,bradycardia,158
decubitus ulcer,shortness of breath,158
decubitus ulcer,pain,158
decubitus ulcer,mass in breast,152
decubitus ulcer,mass of body structure,152
decubitus ulcer,paresthesia,152
decubitus ulcer,retropulsion,152
decubitus ulcer,erythema,152
decubitus ulcer,difficulty,152
decubitus ulcer,lesion,152
decubitus ulcer,estrogen use,152
decubitus ulcer,burning sensation,152
decubitus ulcer,dyspnea,152
decubitus ulcer,swelling,152
decubitus ulcer,formication,152
decubitus ulcer,mass in breast,152
decubitus ulcer,mass of body structure,152
decubitus ulcer,paresthesia,152
decubitus ulcer,retropulsion,152
decubitus ulcer,erythema,152
decubitus ulcer,difficulty,152
decubitus ulcer,lesion,152
decubitus ulcer,estrogen use,152
decubitus ulcer,burning sensation,152
decubitus ulcer,dyspnea,152
decubitus ulcer,swelling,152
decubitus ulcer,formication,152
decubitus ulcer,hallucinations auditory,147
decubitus ulcer,hypersomnolence,147
decubitus ulcer,irritable mood,147
decubitus ulcer,verbal auditory hallucinations,147
decubitus ulcer,patient non compliance,147
decubitus ulcer,agitation,147
decubitus ulcer,suicidal,147
decubitus ulcer,worry,147
decubitus ulcer,hallucinations visual,147
decubitus ulcer,underweight,147
decubitus ulcer,underweight,147
decubitus ulcer,homelessness,147
decubitus ulcer,pain abdominal,145
decubitus ulcer,abscess bacterial,145
decubitus ulcer,dullness,145
decubitus ulcer,red blotches,145
decubitus ulcer,diarrhea,145
decubitus ulcer,sore to touch,145
decubitus ulcer,dysuria,145
decubitus ulcer,pain,145
decubitus ulcer,vomiting,145
decubitus ulcer,sinus rhythm,145
decubitus ulcer,colic abdominal,145
decubitus ulcer,apyrexial,145
decubitus ulcer,abdominal tenderness,145
decubitus ulcer,fever,145
decubitus ulcer,unsteady gait,145
decubitus ulcer,thicken,145
decubitus ulcer,urgency of micturition,145
decubitus ulcer,anorexia,145
decubitus ulcer,monoclonal,145
decubitus ulcer,constipation,145
decubitus ulcer,rale,144
decubitus ulcer,jugular venous distention,144
decubitus ulcer,hyperkalemia,144
decubitus ulcer,orthopnea,144
decubitus ulcer,shortness of breath,144
decubitus ulcer,drowsiness,144
decubitus ulcer,sleepy,144
decubitus ulcer,weight gain,144
decubitus ulcer,hypokalemia,144
decubitus ulcer,hypotension,144
decubitus ulcer,swelling,144
decubitus ulcer,distended abdomen,144
decubitus ulcer,pain abdominal,143
decubitus ulcer,paraparesis,143
decubitus ulcer,nausea,143
decubitus ulcer,vomiting,143
decubitus ulcer,polymyalgia,143
decubitus ulcer,out of breath,143
decubitus ulcer,pain chest,143
decubitus ulcer,hemiplegia,143
decubitus ulcer,gurgle,143
decubitus ulcer,hunger,143
decubitus ulcer,apyrexial,143
decubitus ulcer,nervousness,143
decubitus ulcer,pain,142
decubitus ulcer,redness,142
decubitus ulcer,prostate tender,142
decubitus ulcer,fever,142
decubitus ulcer,difficulty passing urine,142
decubitus ulcer,sore to touch,142
decubitus ulcer,swelling,142
decubitus ulcer,apyrexial,142
decubitus ulcer,erythema,142
decubitus ulcer,abscess bacterial,142
decubitus ulcer,pain foot,142
decubitus ulcer,urinary hesitation,142
decubitus ulcer,heme positive,140
decubitus ulcer,pain abdominal,140
decubitus ulcer,vomiting,140
decubitus ulcer,disequilibrium,140
decubitus ulcer,nausea,140
decubitus ulcer,intoxication,140
decubitus ulcer,haemorrhage,140
decubitus ulcer,guaiac positive,140
decubitus ulcer,pain,140
decubitus ulcer,decreased body weight,140
decubitus ulcer,sore to touch,140
decubitus ulcer,dizziness,140
decubitus ulcer,fever,142
decubitus ulcer,chill,142
decubitus ulcer,flushing,142
decubitus ulcer,unresponsiveness,142
decubitus ulcer,indifferent mood,142
decubitus ulcer,urinoma,142
decubitus ulcer,vomiting,142
decubitus ulcer,distended abdomen,142
decubitus ulcer,hypoalbuminemia,142
decubitus ulcer,pustule,142
decubitus ulcer,prostatism,142
decubitus ulcer,diarrhea,142
decubitus ulcer,abdominal tenderness,142
decubitus ulcer,pleuritic pain,142
decubitus ulcer,decreased translucency,142
decubitus ulcer,pallor,142
decubitus ulcer,orthopnea,140
decubitus ulcer,oliguria,140
decubitus ulcer,slowing of urinary stream,140
decubitus ulcer,extreme exhaustion,140
decubitus ulcer,unresponsiveness,140
decubitus ulcer,hypotension,140
decubitus ulcer,enuresis,140
decubitus ulcer,shortness of breath,140
decubitus ulcer,haemorrhage,140
decubitus ulcer,prostatism,140
decubitus ulcer,no status change,140
decubitus ulcer,bedridden,140
decubitus ulcer,bedridden,140
decubitus ulcer,fatigue,140
decubitus ulcer,breakthrough pain,140
decubitus ulcer,pain back,140
decubitus ulcer,pain,140
decubitus ulcer,shortness of breath,140
decubitus ulcer,snuffle,140
decubitus ulcer,pain chest,140
decubitus ulcer,pain abdominal,140
decubitus ulcer,hepatosplenomegaly,140
decubitus ulcer,green sputum,140
decubitus ulcer,apyrexial,140
decubitus ulcer,headache,140
decubitus ulcer,orthopnea,138
decubitus ulcer,fatigue,138
decubitus ulcer,dyspnea on exertion,138
decubitus ulcer,dyspnea,138
decubitus ulcer,shortness of breath,138
decubitus ulcer,pansystolic murmur,138
decubitus ulcer,jugular venous distention,138
decubitus ulcer,systolic ejection murmur,138
decubitus ulcer,hypotension,138
decubitus ulcer,angina pectoris,138
decubitus ulcer,hypokinesia,138
decubitus ulcer,cough,135
decubitus ulcer,throat sore,135
decubitus ulcer,wheezing,135
decubitus ulcer,shortness of breath,135
decubitus ulcer,labored breathing,135
decubitus ulcer,fever,135
decubitus ulcer,stuffy nose,135
decubitus ulcer,non-productive cough,135
decubitus ulcer,snuffle,135
decubitus ulcer,indifferent mood,135
decubitus ulcer,egophony,135
decubitus ulcer,barking cough,135
decubitus ulcer,polymyalgia,135
decubitus ulcer,pleuritic pain,135
decubitus ulcer,night sweat,135
decubitus ulcer,dyspnea,135
decubitus ulcer,productive cough,135
decubitus ulcer,decreased translucency,135
decubitus ulcer,rhonchus,135
decubitus ulcer,rapid shallow breathing,135
decubitus ulcer,apyrexial,135
decubitus ulcer,noisy respiration,135
decubitus ulcer,nasal discharge present,135
decubitus ulcer,emphysematous change,135
decubitus ulcer,frail,135
decubitus ulcer,cystic lesion,135
decubitus ulcer,symptom aggravating factors,135
decubitus ulcer,hemodynamically stable,135
decubitus ulcer,ascites,133
decubitus ulcer,spontaneous rupture of membranes,133
decubitus ulcer,tachypnea,133
decubitus ulcer,pain abdominal,133
decubitus ulcer,pruritus,133
decubitus ulcer,anorexia,133
decubitus ulcer,transaminitis,133
decubitus ulcer,projectile vomiting,133
decubitus ulcer,chill,133
decubitus ulcer,distress respiratory,133
decubitus ulcer,fever,133
decubitus ulcer,vomiting,133
decubitus ulcer,shortness of breath,128
decubitus ulcer,Stahli's line,128
decubitus ulcer,heavy legs,128
decubitus ulcer,breath sounds decreased,128
decubitus ulcer,neck stiffness,128
decubitus ulcer,dyspnea on exertion,128
decubitus ulcer,cyanosis,128
decubitus ulcer,hypotension,128
decubitus ulcer,left atrial hypertrophy,128
decubitus ulcer,paresthesia,126
decubitus ulcer,titubation,126
decubitus ulcer,dysarthria,126
decubitus ulcer,painful swallowing,126
decubitus ulcer,hoarseness,126
decubitus ulcer,stridor,126
decubitus ulcer,spasm,126
decubitus ulcer,asthenia,126
decubitus ulcer,dysdiadochokinesia,126
decubitus ulcer,ataxia,126
decubitus ulcer,achalasia,126
decubitus ulcer,decreased body weight,126
decubitus ulcer,stiffness,126
decubitus ulcer,lesion,126
decubitus ulcer,side pain,126
decubitus ulcer,hot flush,124
decubitus ulcer,pain,124
decubitus ulcer,redness,124
decubitus ulcer,swelling,124
decubitus ulcer,erythema,124
decubitus ulcer,emphysematous change,124
decubitus ulcer,sore to touch,124
decubitus ulcer,hypokinesia,124
decubitus ulcer,ascites,124
decubitus ulcer,patient non compliance,124
decubitus ulcer,ecchymosis,123
decubitus ulcer,monocytosis,123
decubitus ulcer,posterior rhinorrhea,123
decubitus ulcer,haemorrhage,123
decubitus ulcer,tachypnea,123
decubitus ulcer,fever,123
decubitus ulcer,pruritus,123
decubitus ulcer,hypotension,123
decubitus ulcer,fatigue,123
decubitus ulcer,unresponsiveness,122
decubitus ulcer,"hypothermia, natural",122
decubitus ulcer,incoherent,122
decubitus ulcer,qt interval prolonged,122
decubitus ulcer,lameness,122
decubitus ulcer,claudication,122
decubitus ulcer,unconscious state,122
decubitus ulcer,clammy skin,122
decubitus ulcer,polyuria,122
decubitus ulcer,distress respiratory,122
decubitus ulcer,hypotension,122
decubitus ulcer,mediastinal shift,119
decubitus ulcer,fever,119
decubitus ulcer,clonus,119
decubitus ulcer,mental status changes,119
decubitus ulcer,decreased translucency,119
decubitus ulcer,unresponsiveness,119
decubitus ulcer,extreme exhaustion,119
decubitus ulcer,stupor,119
decubitus ulcer,seizure,119
decubitus ulcer,transaminitis,119
decubitus ulcer,hemiplegia,119
decubitus ulcer,cough,119
decubitus ulcer,gurgle,119
decubitus ulcer,pain,119
decubitus ulcer,diarrhea,119
decubitus ulcer,pain abdominal,119
decubitus ulcer,fever,114
decubitus ulcer,thicken,114
decubitus ulcer,green sputum,114
decubitus ulcer,vomiting,114
decubitus ulcer,nausea and vomiting,114
decubitus ulcer,awakening early,114
decubitus ulcer,pain,114
decubitus ulcer,nausea,114
decubitus ulcer,chill,114
decubitus ulcer,tenesmus,114
decubitus ulcer,urge incontinence,114
decubitus ulcer,pain abdominal,114
decubitus ulcer,hemodynamically stable,114
decubitus ulcer,fecaluria,114
decubitus ulcer,constipation,114
decubitus ulcer,abscess bacterial,114
decubitus ulcer,heme positive,114
decubitus ulcer,lightheadedness,114
decubitus ulcer,diarrhea,114
decubitus ulcer,haemorrhage,114
decubitus ulcer,pain,114
decubitus ulcer,projectile vomiting,114
decubitus ulcer,pneumatouria,114
decubitus ulcer,cystic lesion,114
decubitus ulcer,anorexia,114
decubitus ulcer,nausea,114
decubitus ulcer,feeling suicidal,114
decubitus ulcer,feeling hopeless,114
decubitus ulcer,hallucinations auditory,114
decubitus ulcer,sleeplessness,114
decubitus ulcer,suicidal,114
decubitus ulcer,motor retardation,114
decubitus ulcer,weepiness,114
decubitus ulcer,unable to concentrate,114
decubitus ulcer,todd paralysis,114
decubitus ulcer,worry,114
decubitus ulcer,fatigue,114
decubitus ulcer,tremor,114
decubitus ulcer,alcoholic withdrawal symptoms,114
decubitus ulcer,agitation,114
decubitus ulcer,unresponsiveness,114
decubitus ulcer,blackout,114
decubitus ulcer,withdraw,114
decubitus ulcer,difficulty,114
decubitus ulcer,irritable mood,114
decubitus ulcer,sensory discomfort,114
decubitus ulcer,drowsiness,114
decubitus ulcer,formication,114
decubitus ulcer,unconscious state,114
decubitus ulcer,fever,114
decubitus ulcer,cough,114
decubitus ulcer,yellow sputum,113
decubitus ulcer,cachexia,113
decubitus ulcer,chill,113
decubitus ulcer,decreased body weight,113
decubitus ulcer,productive cough,113
decubitus ulcer,myalgia,113
decubitus ulcer,diarrhea,113
decubitus ulcer,neck stiffness,113
decubitus ulcer,hacking cough,113
decubitus ulcer,dyspareunia,113
decubitus ulcer,hypokalemia,113
decubitus ulcer,dyspnea on exertion,113
decubitus ulcer,poor dentition,113
decubitus ulcer,transaminitis,113
decubitus ulcer,non-productive cough,113
decubitus ulcer,headache,113
decubitus ulcer,floppy,113
decubitus ulcer,spontaneous rupture of membranes,113
decubitus ulcer,inappropriate affect,111
decubitus ulcer,tachypnea,111
decubitus ulcer,yellow sputum,111
decubitus ulcer,projectile vomiting,111
decubitus ulcer,poor feeding,111
decubitus ulcer,pain abdominal,111
decubitus ulcer,abdominal tenderness,111
decubitus ulcer,wheelchair bound,111
decubitus ulcer,moan,111
decubitus ulcer,achalasia,108
decubitus ulcer,fall,108
decubitus ulcer,stiffness,108
decubitus ulcer,withdraw,108
decubitus ulcer,agitation,108
decubitus ulcer,hemiplegia,108
decubitus ulcer,difficulty,108
decubitus ulcer,unresponsiveness,108
decubitus ulcer,syncope,108
decubitus ulcer,facial paresis,108
decubitus ulcer,orthostasis,108
decubitus ulcer,worry,108
decubitus ulcer,drowsiness,108
decubitus ulcer,sleepy,108
decubitus ulcer,hematuria,108
decubitus ulcer,tremor,108
decubitus ulcer,night sweat,108
decubitus ulcer,mass of body structure,108
decubitus ulcer,lesion,105
decubitus ulcer,fever,105
decubitus ulcer,welt,105
decubitus ulcer,transaminitis,105
decubitus ulcer,decreased body weight,105
decubitus ulcer,ataxia,105
decubitus ulcer,tinnitus,105
decubitus ulcer,hydropneumothorax,105
decubitus ulcer,superimposition,105
decubitus ulcer,haemoptysis,105
decubitus ulcer,fatigue,105
decubitus ulcer,tired,105
decubitus ulcer,polydypsia,105
decubitus ulcer,difficulty passing urine,105
decubitus ulcer,sore to touch,104
decubitus ulcer,pruritus,104
decubitus ulcer,feeling strange,104
decubitus ulcer,pustule,104
decubitus ulcer,cushingoid facies,104
decubitus ulcer,cushingoid habitus,104
decubitus ulcer,decreased body weight,104
decubitus ulcer,mood depressed,104
decubitus ulcer,estrogen use,104
decubitus ulcer,wheezing,104
decubitus ulcer,ascites,104
decubitus ulcer,seizure,104
decubitus ulcer,uncoordination,103
decubitus ulcer,asterixis,103
decubitus ulcer,haemorrhage,103
decubitus ulcer,drowsiness,103
decubitus ulcer,sleepy,103
decubitus ulcer,absences finding,103
decubitus ulcer,posturing,103
decubitus ulcer,aura,103
decubitus ulcer,tonic seizures,103
decubitus ulcer,debilitation,103
decubitus ulcer,consciousness clear,103
decubitus ulcer,unresponsiveness,103
decubitus ulcer,thicken,103
decubitus ulcer,hypokinesia,103
decubitus ulcer,shortness of breath,101
decubitus ulcer,pain,101
decubitus ulcer,vomiting,101
decubitus ulcer,nausea,101
decubitus ulcer,bradycardia,101
decubitus ulcer,pain abdominal,101
decubitus ulcer,fever,101
decubitus ulcer,cicatrisation,101
decubitus ulcer,mediastinal shift,101
decubitus ulcer,impaired cognition,101
decubitus ulcer,drool,101
decubitus ulcer,agitation,101
decubitus ulcer,nightmare,101
decubitus ulcer,rhonchus,101
decubitus ulcer,consciousness clear,101
decubitus ulcer,pin-point pupils,101
decubitus ulcer,bedridden,101
decubitus ulcer,bedridden,101
decubitus ulcer,frail,101
decubitus ulcer,tremor resting,101
decubitus ulcer,hyperkalemia,101
decubitus ulcer,facial paresis,101
decubitus ulcer,groggy,101
decubitus ulcer,muscle twitch,101
decubitus ulcer,wheelchair bound,101
decubitus ulcer,tremor,101
decubitus ulcer,cough,101
decubitus ulcer,fever,101
decubitus ulcer,diarrhea,99
decubitus ulcer,throat sore,99
decubitus ulcer,decreased body weight,99
decubitus ulcer,chill,99
decubitus ulcer,headache,99
decubitus ulcer,abdominal tenderness,99
decubitus ulcer,patient non compliance,99
decubitus ulcer,photophobia,99
decubitus ulcer,night sweat,99
decubitus ulcer,painful swallowing,99
decubitus ulcer,poor dentition,99
decubitus ulcer,transaminitis,99
decubitus ulcer,non-productive cough,99
decubitus ulcer,adverse reaction,99
decubitus ulcer,adverse effect,99
decubitus ulcer,abdominal bloating,99
decubitus ulcer,diarrhea,99
decubitus ulcer,throat sore,99
decubitus ulcer,decreased body weight,99
decubitus ulcer,chill,99
decubitus ulcer,headache,99
decubitus ulcer,abdominal tenderness,99
decubitus ulcer,patient non compliance,99
decubitus ulcer,photophobia,99
decubitus ulcer,night sweat,99
decubitus ulcer,painful swallowing,99
decubitus ulcer,poor dentition,99
decubitus ulcer,transaminitis,99
decubitus ulcer,non-productive cough,99
decubitus ulcer,adverse reaction,99
decubitus ulcer,adverse effect,99
decubitus ulcer,abdominal bloating,99
decubitus ulcer,asthenia,99
decubitus ulcer,numbness,99
decubitus ulcer,nausea and vomiting,99
decubitus ulcer,awakening early,99
decubitus ulcer,hydropneumothorax,99
decubitus ulcer,superimposition,99
decubitus ulcer,fatigability,99
decubitus ulcer,tenesmus,99
decubitus ulcer,pain,99
decubitus ulcer,slowing of urinary stream,99
decubitus ulcer,shortness of breath,96
decubitus ulcer,hyperkalemia,96
decubitus ulcer,pain chest,96
decubitus ulcer,fever,96
decubitus ulcer,gravida 0,96
decubitus ulcer,bleeding of vagina,96
decubitus ulcer,para 2,96
decubitus ulcer,haemorrhage,96
decubitus ulcer,abortion,96
decubitus ulcer,intermenstrual heavy bleeding,96
decubitus ulcer,muscle hypotonia,96
decubitus ulcer,hypotonic,96
decubitus ulcer,previous pregnancies 2,96
decubitus ulcer,shortness of breath,96
decubitus ulcer,fever,96
decubitus ulcer,heartburn,96
decubitus ulcer,primigravida,96
decubitus ulcer,abnormally hard consistency,96
decubitus ulcer,proteinemia,96
decubitus ulcer,fall,95
decubitus ulcer,distended abdomen,95
decubitus ulcer,unsteady gait,95
decubitus ulcer,paresthesia,95
decubitus ulcer,hyponatremia,95
decubitus ulcer,agitation,95
decubitus ulcer,unconscious state,95
decubitus ulcer,burning sensation,95
decubitus ulcer,lesion,95
decubitus ulcer,mass of body structure,95
decubitus ulcer,thicken,94
decubitus ulcer,tumor cell invasion,94
decubitus ulcer,metastatic lesion,94
decubitus ulcer,pain neck,94
decubitus ulcer,lung nodule,94
decubitus ulcer,pain,94
decubitus ulcer,pain abdominal,94
decubitus ulcer,food intolerance,94
decubitus ulcer,mass of body structure,94
decubitus ulcer,atypia,94
decubitus ulcer,lesion,94
decubitus ulcer,prostatism,94
decubitus ulcer,constipation,94
decubitus ulcer,general discomfort,94
decubitus ulcer,diarrhea,94
decubitus ulcer,pain abdominal,94
decubitus ulcer,urinary hesitation,94
decubitus ulcer,dizzy spells,94
decubitus ulcer,shooting pain,94
decubitus ulcer,bradycardia,94
decubitus ulcer,vomiting,94
decubitus ulcer,systolic ejection murmur,94
decubitus ulcer,nausea,94
decubitus ulcer,hyperemesis,94
decubitus ulcer,polydypsia,94
decubitus ulcer,lesion,94
decubitus ulcer,prostatism,94
decubitus ulcer,constipation,94
decubitus ulcer,general discomfort,94
decubitus ulcer,diarrhea,94
decubitus ulcer,pain abdominal,94
decubitus ulcer,urinary hesitation,94
decubitus ulcer,dizzy spells,94
decubitus ulcer,shooting pain,94
decubitus ulcer,bradycardia,94
decubitus ulcer,vomiting,94
decubitus ulcer,systolic ejection murmur,94
decubitus ulcer,nausea,94
decubitus ulcer,hyperemesis,94
decubitus ulcer,polydypsia,94
decubitus ulcer,polyuria,93
decubitus ulcer,vomiting,93
decubitus ulcer,nausea,93
decubitus ulcer,pain abdominal,93
decubitus ulcer,milky,93
decubitus ulcer,feeling strange,93
decubitus ulcer,gurgle,93
decubitus ulcer,nervousness,93
decubitus ulcer,abdominal tenderness,93
decubitus ulcer,regurgitates after swallowing,93
decubitus ulcer,vision blurred,93
decubitus ulcer,urinary hesitation,93
decubitus ulcer,diarrhea,93
decubitus ulcer,seizure,93
decubitus ulcer,aura,93
decubitus ulcer,drowsiness,92
decubitus ulcer,lip smacking,92
decubitus ulcer,myoclonus,92
decubitus ulcer,tremor,92
decubitus ulcer,phonophobia,92
decubitus ulcer,rolling of eyes,92
decubitus ulcer,sleepy,92
decubitus ulcer,hirsutism,92
decubitus ulcer,moody,92
decubitus ulcer,muscle twitch,92
decubitus ulcer,unresponsiveness,92
decubitus ulcer,headache,92
decubitus ulcer,ambidexterity,92
decubitus ulcer,absences finding,92
decubitus ulcer,spasm,92
decubitus ulcer,decreased body weight,92
decubitus ulcer,tumor cell invasion,92
decubitus ulcer,drowsiness,92
decubitus ulcer,lip smacking,92
decubitus ulcer,myoclonus,92
decubitus ulcer,tremor,92
decubitus ulcer,phonophobia,92
decubitus ulcer,rolling of eyes,92
decubitus ulcer,sleepy,92
decubitus ulcer,hirsutism,92
decubitus ulcer,moody,92
decubitus ulcer,muscle twitch,92
decubitus ulcer,unresponsiveness,92
decubitus ulcer,headache,92
decubitus ulcer,ambidexterity,92
decubitus ulcer,absences finding,92
decubitus ulcer,spasm,92
decubitus ulcer,decreased body weight,92
decubitus ulcer,tumor cell invasion,92
decubitus ulcer,pulsus paradoxus,90
decubitus ulcer,gravida 10,90
decubitus ulcer,mass of body structure,90
decubitus ulcer,lesion,90
decubitus ulcer,heartburn,90
decubitus ulcer,night sweat,90
decubitus ulcer,thicken,90
decubitus ulcer,chill,90
decubitus ulcer,decreased translucency,90
decubitus ulcer,pain abdominal,90
decubitus ulcer,dullness,90
decubitus ulcer,food intolerance,90
decubitus ulcer,distress respiratory,90
decubitus ulcer,hypotension,90
decubitus ulcer,hemiplegia,90
decubitus ulcer,snore,90
decubitus ulcer,unresponsiveness,90
decubitus ulcer,productive cough,90
decubitus ulcer,dyspnea,90
decubitus ulcer,tachypnea,90
decubitus ulcer,hyperkalemia,90
decubitus ulcer,hypokinesia,90
decubitus ulcer,sinus rhythm,90
decubitus ulcer,general unsteadiness,90
decubitus ulcer,bruit,90
decubitus ulcer,consciousness clear,90
decubitus ulcer,shortness of breath,90
decubitus ulcer,lesion,90
decubitus ulcer,redness,90
decubitus ulcer,mass of body structure,87
decubitus ulcer,paraparesis,87
decubitus ulcer,fever,87
decubitus ulcer,gravida 0,87
decubitus ulcer,pain,87
decubitus ulcer,pruritus,87
decubitus ulcer,mass in breast,87
decubitus ulcer,vomiting,87
decubitus ulcer,diarrhea,87
decubitus ulcer,pain abdominal,87
decubitus ulcer,breath-holding spell,87
decubitus ulcer,nausea,87
decubitus ulcer,decreased body weight,87
decubitus ulcer,sore to touch,87
decubitus ulcer,scleral icterus,87
decubitus ulcer,fever,87
decubitus ulcer,myalgia,87
decubitus ulcer,hyponatremia,87
decubitus ulcer,retch,87
decubitus ulcer,mass of body structure,87
decubitus ulcer,decreased body weight,87
decubitus ulcer,lesion,86
decubitus ulcer,cough,86
decubitus ulcer,lung nodule,86
decubitus ulcer,shortness of breath,86
decubitus ulcer,haemoptysis,86
decubitus ulcer,debilitation,86
decubitus ulcer,gurgle,86
decubitus ulcer,ache,86
decubitus ulcer,rale,86
decubitus ulcer,night sweat,86
decubitus ulcer,decreased translucency,86
decubitus ulcer,asthenia,86
decubitus ulcer,metastatic lesion,86
decubitus ulcer,agitation,86
decubitus ulcer,irritable mood,86
decubitus ulcer,lesion,86
decubitus ulcer,cough,86
decubitus ulcer,lung nodule,86
decubitus ulcer,shortness of breath,86
decubitus ulcer,haemoptysis,86
decubitus ulcer,debilitation,86
decubitus ulcer,gurgle,86
decubitus ulcer,ache,86
decubitus ulcer,rale,86
decubitus ulcer,night sweat,86
decubitus ulcer,decreased translucency,86
decubitus ulcer,asthenia,86
decubitus ulcer,metastatic lesion,86
decubitus ulcer,agitation,86
decubitus ulcer,irritable mood,86
decubitus ulcer,energy increased,85
decubitus ulcer,suicidal,85
decubitus ulcer,hypersomnia,85
decubitus ulcer,feeling suicidal,85
decubitus ulcer,blanch,85
decubitus ulcer,hallucinations auditory,85
decubitus ulcer,hallucinations visual,85
decubitus ulcer,elation,85
decubitus ulcer,verbal auditory hallucinations,85
decubitus ulcer,feeling hopeless,85
decubitus ulcer,difficulty,85
decubitus ulcer,decompensation,85
decubitus ulcer,verbally abusive behavior,85
decubitus ulcer,suicidal,85
decubitus ulcer,feeling suicidal,85
decubitus ulcer,nightmare,84
decubitus ulcer,feeling hopeless,84
decubitus ulcer,transsexual,84
decubitus ulcer,hallucinations auditory,84
decubitus ulcer,irritable mood,84
decubitus ulcer,sleeplessness,84
decubitus ulcer,agitation,84
decubitus ulcer,weepiness,84
decubitus ulcer,mood depressed,84
decubitus ulcer,scratch marks,84
decubitus ulcer,nausea and vomiting,84
decubitus ulcer,extreme exhaustion,84
decubitus ulcer,side pain,84
decubitus ulcer,worry,84
decubitus ulcer,enuresis,84
decubitus ulcer,homelessness,84
decubitus ulcer,nervousness,84
decubitus ulcer,ascites,84
decubitus ulcer,pruritus,84
decubitus ulcer,mass of body structure,82
decubitus ulcer,splenomegaly,82
decubitus ulcer,lesion,82
decubitus ulcer,paresis,82
decubitus ulcer,tumor cell invasion,82
decubitus ulcer,room spinning,82
decubitus ulcer,haemorrhage,82
decubitus ulcer,thicken,82
decubitus ulcer,indifferent mood,82
decubitus ulcer,cachexia,82
decubitus ulcer,"hypothermia, natural",82
decubitus ulcer,pain abdominal,82
decubitus ulcer,hepatomegaly,82
decubitus ulcer,hematocrit decreased,82
decubitus ulcer,stupor,82
decubitus ulcer,decreased body weight,82
decubitus ulcer,shortness of breath,82
decubitus ulcer,cough,82
decubitus ulcer,behavior showing increased motor activity,80
decubitus ulcer,scar tissue,80
decubitus ulcer,dyspnea on exertion,80
decubitus ulcer,coordination abnormal,80
decubitus ulcer,myalgia,80
decubitus ulcer,hypercapnia,80
decubitus ulcer,clammy skin,80
decubitus ulcer,has religious belief,80
decubitus ulcer,room spinning,80
decubitus ulcer,moan,80
decubitus ulcer,night sweat,80
decubitus ulcer,cachexia,80
decubitus ulcer,symptom aggravating factors,80
decubitus ulcer,dyspnea,80
decubitus ulcer,rale,80
decubitus ulcer,flushing,80
decubitus ulcer,painful swallowing,80
decubitus ulcer,arthralgia,80
decubitus ulcer,choke,80
decubitus ulcer,tenesmus,80
decubitus ulcer,constipation,80
decubitus ulcer,haemorrhage,80
decubitus ulcer,bowel sounds decreased,80
decubitus ulcer,decreased stool caliber,80
decubitus ulcer,nausea and vomiting,80
decubitus ulcer,hunger,80
decubitus ulcer,diarrhea,80
decubitus ulcer,dizziness,80
decubitus ulcer,hyponatremia,80
decubitus ulcer,clonus,80
decubitus ulcer,pain,80
decubitus ulcer,achalasia,80
decubitus ulcer,burning sensation,80
decubitus ulcer,guaiac positive,80
decubitus ulcer,numbness of hand,80
decubitus ulcer,wheezing,80
decubitus ulcer,cough,80
decubitus ulcer,shortness of breath,76
decubitus ulcer,scar tissue,76
decubitus ulcer,apyrexial,76
decubitus ulcer,no known drug allergies,76
decubitus ulcer,pain,76
decubitus ulcer,productive cough,76
decubitus ulcer,throat sore,76
decubitus ulcer,dyspnea,76
decubitus ulcer,chest tightness,76
decubitus ulcer,hypoxemia,76
decubitus ulcer,tachypnea,76
decubitus ulcer,sensory discomfort,76
decubitus ulcer,fever,76
decubitus ulcer,vomiting,76
decubitus ulcer,rhonchus,76
decubitus ulcer,hemiplegia,76
decubitus ulcer,fremitus,76
decubitus ulcer,clonus,76
decubitus ulcer,egophony,76
decubitus ulcer,facial paresis,76
decubitus ulcer,aphagia,76
decubitus ulcer,muscle twitch,76
decubitus ulcer,paralyse,76
decubitus ulcer,low back pain,76
decubitus ulcer,charleyhorse,76
decubitus ulcer,out of breath,76
decubitus ulcer,sedentary,76
decubitus ulcer,angina pectoris,76
decubitus ulcer,cough,76
decubitus ulcer,unhappy,76
decubitus ulcer,labored breathing,76
decubitus ulcer,"hypothermia, natural",76
decubitus ulcer,dyspnea,76
decubitus ulcer,hematocrit decreased,76
decubitus ulcer,wheezing,76
decubitus ulcer,hypoxemia,76
decubitus ulcer,renal angle tenderness,76
decubitus ulcer,feels hot/feverish,76
decubitus ulcer,fever,74
decubitus ulcer,pain,74
decubitus ulcer,urgency of micturition,74
decubitus ulcer,hematuria,74
decubitus ulcer,vomiting,74
decubitus ulcer,chill,74
decubitus ulcer,diarrhea,74
decubitus ulcer,nausea,74
decubitus ulcer,pain abdominal,74
decubitus ulcer,myalgia,74
decubitus ulcer,fever,74
decubitus ulcer,chill,74
decubitus ulcer,pleuritic pain,71
decubitus ulcer,thicken,71
decubitus ulcer,myalgia,71
decubitus ulcer,apyrexial,71
decubitus ulcer,night sweat,71
decubitus ulcer,flare,71
decubitus ulcer,shortness of breath,71
decubitus ulcer,orthopnea,71
decubitus ulcer,abscess bacterial,71
decubitus ulcer,hypotension,71
decubitus ulcer,cough,71
decubitus ulcer,metastatic lesion,71
decubitus ulcer,breath sounds decreased,71
decubitus ulcer,decreased body weight,71
decubitus ulcer,pulsus paradoxus,71
decubitus ulcer,hypokinesia,71
decubitus ulcer,pericardial friction rub,71
decubitus ulcer,dyspnea,71
decubitus ulcer,shortness of breath,71
decubitus ulcer,hemodynamically stable,71
decubitus ulcer,cardiomegaly,71
decubitus ulcer,hypotension,71
decubitus ulcer,sputum purulent,71
decubitus ulcer,facial paresis,71
decubitus ulcer,pain,71
decubitus ulcer,oliguria,71
decubitus ulcer,blackout,71
decubitus ulcer,intoxication,71
decubitus ulcer,pericardial friction rub,71
decubitus ulcer,dyspnea,71
decubitus ulcer,shortness of breath,71
decubitus ulcer,hemodynamically stable,71
decubitus ulcer,cardiomegaly,71
decubitus ulcer,hypotension,71
decubitus ulcer,sputum purulent,71
decubitus ulcer,facial paresis,71
decubitus ulcer,pain,71
decubitus ulcer,oliguria,71
decubitus ulcer,blackout,71
decubitus ulcer,intoxication,71
decubitus ulcer,tremor,70
decubitus ulcer,hallucinations auditory,70
decubitus ulcer,suicidal,70
decubitus ulcer,hoard,70
decubitus ulcer,irritable mood,70
decubitus ulcer,feeling hopeless,70
decubitus ulcer,feeling suicidal,70
decubitus ulcer,neologism,70
decubitus ulcer,seizure,70
decubitus ulcer,homelessness,70
decubitus ulcer,sleeplessness,70
decubitus ulcer,unconscious state,70
decubitus ulcer,panic,70
decubitus ulcer,breath sounds decreased,70
decubitus ulcer,shortness of breath,70
decubitus ulcer,dyspnea,68
decubitus ulcer,cardiovascular finding,68
decubitus ulcer,cardiovascular event,68
decubitus ulcer,haemoptysis,68
decubitus ulcer,cough,68
decubitus ulcer,hypercapnia,68
decubitus ulcer,soft tissue swelling,68
decubitus ulcer,prostatism,68
decubitus ulcer,agitation,68
decubitus ulcer,unsteady gait,68
decubitus ulcer,withdraw,68
decubitus ulcer,hyponatremia,68
decubitus ulcer,verbally abusive behavior,68
decubitus ulcer,feeling suicidal,68
decubitus ulcer,unresponsiveness,68
decubitus ulcer,worry,68
decubitus ulcer,drowsiness,68
decubitus ulcer,sleepy,68
decubitus ulcer,hallucinations auditory,68
decubitus ulcer,suicidal,68
decubitus ulcer,fever,68
decubitus ulcer,diarrhea,68
decubitus ulcer,transaminitis,68
decubitus ulcer,splenomegaly,68
decubitus ulcer,night sweat,68
decubitus ulcer,apyrexial,68
decubitus ulcer,lesion,68
decubitus ulcer,snuffle,68
decubitus ulcer,chill,68
decubitus ulcer,cough,68
decubitus ulcer,monoclonal,68
decubitus ulcer,hypocalcemia result,68
decubitus ulcer,oliguria,68
decubitus ulcer,rhd positive,68
decubitus ulcer,distress respiratory,68
decubitus ulcer,cyanosis,68
decubitus ulcer,tachypnea,68
decubitus ulcer,para 1,68
decubitus ulcer,bradycardia,68
decubitus ulcer,breech presentation,68
decubitus ulcer,cushingoid facies,68
decubitus ulcer,cushingoid habitus,68
decubitus ulcer,cough,68
decubitus ulcer,myalgia,68
decubitus ulcer,uncoordination,68
decubitus ulcer,fever,68
decubitus ulcer,pleuritic pain,68
decubitus ulcer,snuffle,68
decubitus ulcer,throat sore,68
decubitus ulcer,malaise,68
decubitus ulcer,debilitation,68
decubitus ulcer,symptom aggravating factors,68
decubitus ulcer,chill,68
decubitus ulcer,scleral icterus,68
decubitus ulcer,nasal flaring,68
decubitus ulcer,dysuria,68
decubitus ulcer,lip smacking,68
decubitus ulcer,headache,68
decubitus ulcer,sneeze,68
decubitus ulcer,snore,68
decubitus ulcer,green sputum,68
decubitus ulcer,shortness of breath,68
decubitus ulcer,distress respiratory,68
decubitus ulcer,blackout,68
decubitus ulcer,extreme exhaustion,68
decubitus ulcer,intoxication,67
decubitus ulcer,tremor,67
decubitus ulcer,agitation,67
decubitus ulcer,suicidal,67
decubitus ulcer,homelessness,67
decubitus ulcer,prostatism,67
decubitus ulcer,lethargy,67
decubitus ulcer,seizure,67
decubitus ulcer,muscle twitch,67
decubitus ulcer,stuffy nose,67
decubitus ulcer,feeling hopeless,67
decubitus ulcer,heavy legs,67
decubitus ulcer,rale,67
decubitus ulcer,hypokinesia,67
decubitus ulcer,anorexia,67
decubitus ulcer,hypertonicity,67
decubitus ulcer,shortness of breath,67
decubitus ulcer,hypoalbuminemia,67
decubitus ulcer,pruritus,67
decubitus ulcer,sore to touch,67
decubitus ulcer,hemodynamically stable,67
decubitus ulcer,facial paresis,67
decubitus ulcer,vomiting,67
decubitus ulcer,stool color yellow,67
decubitus ulcer,moan,66
decubitus ulcer,nausea,66
decubitus ulcer,pain abdominal,66
decubitus ulcer,Murphy's sign,66
decubitus ulcer,flatulence,66
decubitus ulcer,colic abdominal,66
decubitus ulcer,pain,66
decubitus ulcer,ascites,66
decubitus ulcer,diarrhea,66
decubitus ulcer,qt interval prolonged,66
decubitus ulcer,cardiovascular finding,66
decubitus ulcer,cardiovascular event,66
decubitus ulcer,groggy,66
decubitus ulcer,sinus rhythm,66
decubitus ulcer,gasping for breath,66
decubitus ulcer,constipation,66
decubitus ulcer,feces in rectum,66
decubitus ulcer,abnormally hard consistency,66
decubitus ulcer,pain abdominal,61
decubitus ulcer,fatigability,61
decubitus ulcer,prodrome,61
decubitus ulcer,vomiting,61
decubitus ulcer,nausea,61
decubitus ulcer,myalgia,61
decubitus ulcer,hyponatremia,61
decubitus ulcer,sore to touch,61
decubitus ulcer,general discomfort,61
decubitus ulcer,dyspnea on exertion,61
decubitus ulcer,asterixis,61
decubitus ulcer,guaiac positive,61
decubitus ulcer,numbness of hand,61
decubitus ulcer,headache,61
decubitus ulcer,photophobia,61
decubitus ulcer,ambidexterity,61
decubitus ulcer,vomiting,61
decubitus ulcer,dizziness,61
decubitus ulcer,numbness,61
decubitus ulcer,nausea,61
decubitus ulcer,fever,61
decubitus ulcer,splenomegaly,61
decubitus ulcer,hypoproteinemia,61
decubitus ulcer,fatigue,61
decubitus ulcer,haemorrhage,61
decubitus ulcer,fatigability,61
decubitus ulcer,cushingoid facies,61
decubitus ulcer,cushingoid habitus,61
decubitus ulcer,stool color yellow,61
decubitus ulcer,colic abdominal,61
decubitus ulcer,vomiting,61
decubitus ulcer,nausea,61
decubitus ulcer,pain abdominal,61
decubitus ulcer,pain,61
decubitus ulcer,cushingoid facies,61
decubitus ulcer,cushingoid habitus,61
decubitus ulcer,ascites,61
decubitus ulcer,thicken,61
decubitus ulcer,sore to touch,61
decubitus ulcer,diarrhea,61
decubitus ulcer,apyrexial,61
decubitus ulcer,palpitation,61
decubitus ulcer,vomiting,61
decubitus ulcer,nausea,61
decubitus ulcer,pain abdominal,61
decubitus ulcer,pain,61
decubitus ulcer,cushingoid facies,61
decubitus ulcer,cushingoid habitus,61
decubitus ulcer,ascites,61
decubitus ulcer,thicken,61
decubitus ulcer,sore to touch,61
decubitus ulcer,diarrhea,61
decubitus ulcer,apyrexial,61
decubitus ulcer,palpitation,61
decubitus ulcer,left atrial hypertrophy,56
decubitus ulcer,sweat,56
decubitus ulcer,sweating increased,56
decubitus ulcer,alcohol binge episode,56
decubitus ulcer,pressure chest,56
decubitus ulcer,scar tissue,56
decubitus ulcer,cardiovascular finding,56
decubitus ulcer,cardiovascular event,56
decubitus ulcer,orthostasis,56
decubitus ulcer,shortness of breath,56
decubitus ulcer,t wave inverted,56
decubitus ulcer,vomiting,56
decubitus ulcer,pain abdominal,56
decubitus ulcer,abscess bacterial,56
decubitus ulcer,abdomen acute,56
decubitus ulcer,air fluid level,56
decubitus ulcer,catching breath,56
decubitus ulcer,abdominal tenderness,56
decubitus ulcer,nausea,56
decubitus ulcer,sore to touch,56
decubitus ulcer,flatulence,56
decubitus ulcer,diarrhea,56
decubitus ulcer,mass of body structure,56
decubitus ulcer,apyrexial,56
decubitus ulcer,constipation,56
decubitus ulcer,thicken,56
decubitus ulcer,gravida 0,56
decubitus ulcer,pain abdominal,56
decubitus ulcer,flatulence,57
decubitus ulcer,pain,57
decubitus ulcer,large-for-dates fetus,57
decubitus ulcer,para 1,57
decubitus ulcer,vomiting,57
decubitus ulcer,lung nodule,57
decubitus ulcer,breech presentation,57
decubitus ulcer,shortness of breath,57
decubitus ulcer,decreased body weight,57
decubitus ulcer,immobile,57
decubitus ulcer,unsteady gait,57
decubitus ulcer,hallucinations visual,57
decubitus ulcer,feeling suicidal,57
decubitus ulcer,loose associations,56
decubitus ulcer,giddy mood,56
decubitus ulcer,feeling hopeless,56
decubitus ulcer,agitation,56
decubitus ulcer,hallucinations auditory,56
decubitus ulcer,irritable mood,56
decubitus ulcer,sleeplessness,56
decubitus ulcer,neologism,56
decubitus ulcer,homicidal thoughts,56
decubitus ulcer,disturbed family,56
decubitus ulcer,worry,56
decubitus ulcer,decompensation,56
decubitus ulcer,verbally abusive behavior,56
decubitus ulcer,catatonia,56
decubitus ulcer,suicidal,56
decubitus ulcer,terrify,56
decubitus ulcer,blackout,56
decubitus ulcer,weepiness,56
decubitus ulcer,impaired cognition,56
decubitus ulcer,irritable mood,56
decubitus ulcer,agitation,56
decubitus ulcer,extreme exhaustion,45
decubitus ulcer,sleeplessness,45
decubitus ulcer,enuresis,45
decubitus ulcer,patient non compliance,45
decubitus ulcer,feeling hopeless,45
decubitus ulcer,hallucinations visual,45
decubitus ulcer,bedridden,45
decubitus ulcer,bedridden,45
decubitus ulcer,prostatism,45
decubitus ulcer,systolic murmur,42
decubitus ulcer,frail,42
decubitus ulcer,fever,42
